-- phpMyAdmin SQL Dump
-- version 5.2.1
-- https://www.phpmyadmin.net/
--
-- Host: 127.0.0.1
-- Generation Time: Jul 14, 2024 at 11:19 AM
-- Server version: 10.4.32-MariaDB
-- PHP Version: 8.1.25

SET SQL_MODE = "NO_AUTO_VALUE_ON_ZERO";
START TRANSACTION;
SET time_zone = "+00:00";


/*!40101 SET @OLD_CHARACTER_SET_CLIENT=@@CHARACTER_SET_CLIENT */;
/*!40101 SET @OLD_CHARACTER_SET_RESULTS=@@CHARACTER_SET_RESULTS */;
/*!40101 SET @OLD_COLLATION_CONNECTION=@@COLLATION_CONNECTION */;
/*!40101 SET NAMES utf8mb4 */;

--
-- Database: `deteksiserangan`
--

-- --------------------------------------------------------

--
-- Table structure for table `alert`
--

CREATE TABLE `alert` (
  `id` varchar(20) NOT NULL,
  `alert` varchar(255) NOT NULL,
  `status` varchar(20) DEFAULT NULL,
  `risk` varchar(20) DEFAULT NULL,
  `type` varchar(255) DEFAULT NULL
) ENGINE=InnoDB DEFAULT CHARSET=utf8mb4 COLLATE=utf8mb4_general_ci;

--
-- Dumping data for table `alert`
--

INSERT INTO `alert` (`id`, `alert`, `status`, `risk`, `type`) VALUES
('0', 'Directory Browsing', 'release', 'Medium', 'Active'),
('10003', 'Vulnerable JS Library', 'release', 'Medium', 'Passive'),
('10009', 'In Page Banner Information Leak', 'beta', 'Low', 'Passive'),
('10010', 'Cookie No HttpOnly Flag', 'release', 'Low', 'Passive'),
('10011', 'Cookie Without Secure Flag', 'release', 'Low', 'Passive'),
('10015', 'Re-examine Cache-control Directives', 'release', 'Informational', 'Passive'),
('10016', 'Web Browser XSS Protection Not Enabled', 'deprecated', '', 'Passive'),
('10017', 'Cross-Domain JavaScript Source File Inclusion', 'release', 'Low', 'Passive'),
('10019', 'Content-Type Header Missing', 'release', 'Informational', 'Passive'),
('10020', 'Anti-clickjacking Header', 'release', '', 'Passive'),
('10020-1', 'Missing Anti-clickjacking Header', 'release', 'Medium', 'Passive'),
('10020-2', 'Multiple X-Frame-Options Header Entries', 'release', 'Medium', 'Passive'),
('10020-3', 'X-Frame-Options Defined via META (Non-compliant with Spec)', 'release', 'Medium', 'Passive'),
('10020-4', 'X-Frame-Options Setting Malformed', 'release', 'Medium', 'Passive'),
('10021', 'X-Content-Type-Options Header Missing', 'release', 'Low', 'Passive'),
('10023', 'Information Disclosure - Debug Error Messages', 'release', 'Low', 'Passive'),
('10024', 'Information Disclosure - Sensitive Information in URL', 'release', 'Informational', 'Passive'),
('10025', 'Information Disclosure - Sensitive Information in HTTP Referrer Header', 'release', 'Informational', 'Passive'),
('10026', 'HTTP Parameter Override', 'beta', 'Medium', 'Passive'),
('10027', 'Information Disclosure - Suspicious Comments', 'release', 'Informational', 'Passive'),
('10028', 'Open Redirect', 'release', '', 'Passive'),
('10029', 'Cookie Poisoning', 'release', '', 'Passive'),
('10030', 'User Controllable Charset', 'release', '', 'Passive'),
('10031', 'User Controllable HTML Element Attribute (Potential XSS)', 'release', '', 'Passive'),
('10032', 'Viewstate', 'release', '', 'Passive'),
('10032-1', 'Potential IP Addresses Found in the Viewstate', 'release', 'Medium', 'Passive'),
('10032-2', 'Emails Found in the Viewstate', 'release', 'Medium', 'Passive'),
('10032-3', 'Old Asp.Net Version in Use', 'release', 'Low', 'Passive'),
('10032-4', 'Viewstate without MAC Signature (Unsure)', 'release', 'High', 'Passive'),
('10032-5', 'Viewstate without MAC Signature (Sure)', 'release', 'High', 'Passive'),
('10032-6', 'Split Viewstate in Use', 'release', 'Informational', 'Passive'),
('10033', 'Directory Browsing', 'release', 'Medium', 'Passive'),
('10034', 'Heartbleed OpenSSL Vulnerability (Indicative)', 'release', '', 'Passive'),
('10035', 'Strict-Transport-Security Header', 'release', '', 'Passive'),
('10036', 'HTTP Server Response Header', 'release', '', 'Passive'),
('10036-1', 'Server Leaks its Webserver Application via Server HTTP Response Header Field', 'release', 'Informational', 'Passive'),
('10036-2', 'Server Leaks Version Information via Server HTTP Response Header Field', 'release', 'Low', 'Passive'),
('10037', 'Server Leaks Information via X-Powered-By HTTP Response Header Field(s)', 'release', 'Low', 'Passive'),
('10038', 'Content Security Policy (CSP) Header Not Set', 'release', '', 'Passive'),
('10038-1', 'Content Security Policy (CSP) Header Not Set', 'release', 'Medium', 'Passive'),
('10038-2', 'Obsolete Content Security Policy (CSP) Header Found', 'release', 'Informational', 'Passive'),
('10038-3', 'Content Security Policy (CSP) Report-Only Header Found', 'release', 'Informational', 'Passive'),
('10039', 'X-Backend-Server Header Information Leak', 'release', 'Low', 'Passive'),
('10040', 'Secure Pages Include Mixed Content', 'release', '', 'Passive'),
('10041', 'HTTP to HTTPS Insecure Transition in Form Post', 'release', '', 'Passive'),
('10042', 'HTTPS to HTTP Insecure Transition in Form Post', 'release', '', 'Passive'),
('10043', 'User Controllable JavaScript Event (XSS)', 'release', '', 'Passive'),
('10044', 'Big Redirect Detected (Potential Sensitive Information Leak)', 'release', '', 'Passive'),
('10045', 'Source Code Disclosure - /WEB-INF folder', 'release', 'High', 'Active'),
('10046', 'Insecure Component', 'deprecated', '', 'Passive'),
('10047', 'HTTPS Content Available via HTTP', 'beta', 'Low', 'Active'),
('10048', 'Remote Code Execution - Shell Shock', 'beta', 'High', 'Active'),
('10049', 'Content Cacheability', 'beta', '', 'Passive'),
('10049-1', 'Non-Storable Content', 'beta', 'Informational', 'Passive'),
('10049-2', 'Storable but Non-Cacheable Content', 'beta', 'Informational', 'Passive'),
('10049-3', 'Storable and Cacheable Content', 'beta', 'Informational', 'Passive'),
('10050', 'Retrieved from Cache', 'release', '', 'Passive'),
('10051', 'Relative Path Confusion', 'beta', 'Medium', 'Active'),
('10052', 'X-ChromeLogger-Data (XCOLD) Header Information Leak', 'release', 'Medium', 'Passive'),
('10053', 'Apache Range Header DoS (CVE-2011-3192)', 'deprecated', 'Medium', 'Active'),
('10054', 'Cookie without SameSite Attribute', 'release', 'Low', 'Passive'),
('10055', 'CSP', 'release', '', 'Passive'),
('10055-1', 'CSP: X-Content-Security-Policy', 'release', 'Low', 'Passive'),
('10055-10', 'CSP: script-src unsafe-eval', 'release', 'Medium', 'Passive'),
('10055-11', 'CSP: Meta Policy Invalid Directive', 'release', 'Medium', 'Passive'),
('10055-12', 'CSP: Header & Meta', 'release', 'Informational', 'Passive'),
('10055-2', 'CSP: X-WebKit-CSP', 'release', 'Low', 'Passive'),
('10055-3', 'CSP: Notices', 'release', 'Low', 'Passive'),
('10055-4', 'CSP: Wildcard Directive', 'release', 'Medium', 'Passive'),
('10055-5', 'CSP: script-src unsafe-inline', 'release', 'Medium', 'Passive'),
('10055-6', 'CSP: style-src unsafe-inline', 'release', 'Medium', 'Passive'),
('10055-7', 'CSP: script-src unsafe-hashes', 'release', 'Medium', 'Passive'),
('10055-8', 'CSP: style-src unsafe-hashes', 'release', 'Medium', 'Passive'),
('10055-9', 'CSP: Malformed Policy (Non-ASCII)', 'release', 'Medium', 'Passive'),
('10056', 'X-Debug-Token Information Leak', 'release', 'Low', 'Passive'),
('10057', 'Username Hash Found', 'release', 'Informational', 'Passive'),
('10058', 'GET for POST', 'release', 'Informational', 'Active'),
('10061', 'X-AspNet-Version Response Header', 'release', 'Low', 'Passive'),
('10062', 'PII Disclosure', 'release', 'High', 'Passive'),
('10063', 'Permissions Policy Header Not Set', 'beta', '', 'Passive'),
('10063-1', 'Permissions Policy Header Not Set', 'beta', 'Low', 'Passive'),
('10063-2', 'Deprecated Feature Policy Header Set', 'beta', 'Low', 'Passive'),
('10070', 'Use of SAML', 'alpha', '', 'Passive'),
('10094', 'Base64 Disclosure', 'alpha', '', 'Passive'),
('10094-1', 'ASP.NET ViewState Disclosure', 'alpha', 'Informational', 'Passive'),
('10094-2', 'ASP.NET ViewState Integrity', 'alpha', 'High', 'Passive'),
('10094-3', 'Base64 Disclosure', 'alpha', 'Informational', 'Passive'),
('10095', 'Backup File Disclosure', 'beta', 'Medium', 'Active'),
('10096', 'Timestamp Disclosure', 'release', 'Low', 'Passive'),
('10097', 'Hash Disclosure', 'release', '', 'Passive'),
('10098', 'Cross-Domain Misconfiguration', 'release', 'Medium', 'Passive'),
('10099', 'Source Code Disclosure - PHP', 'beta', 'Medium', 'Passive'),
('10101', 'Access Control Issue - Improper Authentication', 'alpha', 'High', 'Tool'),
('10102', 'Access Control Issue - Improper Authorization', 'alpha', 'High', 'Tool'),
('10103', 'Image Exposes Location or Privacy Data', 'beta', 'Informational', 'Passive'),
('10104', 'User Agent Fuzzer', 'release', 'Informational', 'Active'),
('10105', 'Weak Authentication Method', 'release', '', 'Passive'),
('10106', 'HTTP Only Site', 'beta', 'Medium', 'Active'),
('10107', 'Httpoxy - Proxy Header Misuse', 'beta', 'High', 'Active'),
('10108', 'Reverse Tabnabbing', 'release', '', 'Passive'),
('10109', 'Modern Web Application', 'release', '', 'Passive'),
('10110', 'Dangerous JS Functions', 'beta', 'Low', 'Passive'),
('10111', 'Authentication Request Identified', 'beta', 'Informational', 'Passive'),
('10112', 'Session Management Response Identified', 'beta', 'Informational', 'Passive'),
('10113', 'Verification Request Identified', 'beta', 'Informational', 'Passive'),
('10202', 'Absence of Anti-CSRF Tokens', 'release', '', 'Passive'),
('110001', 'Application Error Disclosure via WebSockets', 'release', 'Medium', 'WebSocket Passive'),
('110002', 'Base64 Disclosure in WebSocket message', 'release', 'Informational', 'WebSocket Passive'),
('110003', 'Information Disclosure - Debug Error Messages via WebSocket', 'release', 'Low', 'WebSocket Passive'),
('110004', 'Email address found in WebSocket message', 'release', 'Informational', 'WebSocket Passive'),
('110005', 'Personally Identifiable Information via WebSocket', 'release', 'High', 'WebSocket Passive'),
('110006', 'Private IP Disclosure via WebSocket', 'release', 'Low', 'WebSocket Passive'),
('110007', 'Username Hash Found in WebSocket message', 'release', 'Informational', 'WebSocket Passive'),
('110008', 'Information Disclosure - Suspicious Comments in XML via WebSocket', 'release', 'Informational', 'WebSocket Passive'),
('2', 'Private IP Disclosure', 'release', 'Low', 'Passive'),
('20012', 'Anti-CSRF Tokens Check', 'beta', 'Medium', 'Active'),
('20014', 'HTTP Parameter Pollution', 'beta', 'Informational', 'Active'),
('20015', 'Heartbleed OpenSSL Vulnerability', 'release', 'High', 'Active'),
('20016', 'Cross-Domain Misconfiguration', 'beta', 'High', 'Active'),
('20017', 'Source Code Disclosure - CVE-2012-1823', 'release', 'High', 'Active'),
('20018', 'Remote Code Execution - CVE-2012-1823', 'release', 'High', 'Active'),
('20019', 'External Redirect', 'release', '', 'Active'),
('20019-1', 'External Redirect', 'release', 'High', 'Active'),
('20019-2', 'External Redirect', 'release', 'High', 'Active'),
('20019-3', 'External Redirect', 'release', 'High', 'Active'),
('20019-4', 'External Redirect', 'release', 'High', 'Active'),
('3', 'Session ID in URL Rewrite', 'release', '', 'Passive'),
('3-1', 'Session ID in URL Rewrite', 'release', 'Medium', 'Passive'),
('3-2', 'Session ID in URL Rewrite', 'release', 'Medium', 'Passive'),
('3-3', 'Referer Exposes Session ID', 'release', 'Medium', 'Passive'),
('30001', 'Buffer Overflow', 'release', 'Medium', 'Active'),
('30002', 'Format String Error', 'release', 'Medium', 'Active'),
('30003', 'Integer Overflow Error', 'beta', 'Medium', 'Active'),
('40003', 'CRLF Injection', 'release', 'Medium', 'Active'),
('40008', 'Parameter Tampering', 'release', 'Medium', 'Active'),
('40009', 'Server Side Include', 'release', 'High', 'Active'),
('40012', 'Cross Site Scripting (Reflected)', 'release', 'High', 'Active'),
('40013', 'Session Fixation', 'beta', 'High', 'Active'),
('40014', 'Cross Site Scripting (Persistent)', 'release', 'High', 'Active'),
('40015', 'LDAP Injection', 'alpha', 'High', 'Active'),
('40016', 'Cross Site Scripting (Persistent) - Prime', 'release', 'Informational', 'Active'),
('40017', 'Cross Site Scripting (Persistent) - Spider', 'release', 'Informational', 'Active'),
('40018', 'SQL Injection', 'release', 'High', 'Active'),
('40019', 'SQL Injection - MySQL', 'release', 'High', 'Active'),
('40020', 'SQL Injection - Hypersonic SQL', 'release', 'High', 'Active'),
('40021', 'SQL Injection - Oracle', 'release', 'High', 'Active'),
('40022', 'SQL Injection - PostgreSQL', 'release', 'High', 'Active'),
('40023', 'Possible Username Enumeration', 'beta', 'Informational', 'Active'),
('40024', 'SQL Injection - SQLite', 'release', 'High', 'Active'),
('40025', 'Proxy Disclosure', 'beta', 'Medium', 'Active'),
('40026', 'Cross Site Scripting (DOM Based)', 'release', 'High', 'Active'),
('40027', 'SQL Injection - MsSQL', 'release', 'High', 'Active'),
('40028', 'ELMAH Information Leak', 'release', 'Medium', 'Active'),
('40029', 'Trace.axd Information Leak', 'release', 'Medium', 'Active'),
('40031', 'Out of Band XSS', 'beta', 'High', 'Active'),
('40032', '.htaccess Information Leak', 'release', 'Medium', 'Active'),
('40033', 'NoSQL Injection - MongoDB', 'alpha', 'High', 'Active'),
('40034', '.env Information Leak', 'release', 'Medium', 'Active'),
('40035', 'Hidden File Found', 'release', 'Medium', 'Active'),
('40036', 'JWT Scan Rule', 'alpha', 'Medium', 'Active'),
('40038', 'Bypassing 403', 'beta', 'Medium', 'Active'),
('40039', 'Web Cache Deception', 'alpha', 'Medium', 'Active'),
('40040', 'CORS Header', 'beta', '', 'Active'),
('40040-1', 'CORS Header', 'beta', 'Informational', 'Active'),
('40040-2', 'CORS Misconfiguration', 'beta', 'Medium', 'Active'),
('40040-3', 'CORS Misconfiguration', 'beta', 'High', 'Active'),
('40041', 'File Upload', 'alpha', 'Medium', 'Active'),
('40042', 'Spring Actuator Information Leak', 'release', 'Medium', 'Active'),
('40043', 'Log4Shell', 'release', '', 'Active'),
('40043-1', 'Log4Shell (CVE-2021-44228)', 'release', 'High', 'Active'),
('40043-2', 'Log4Shell (CVE-2021-45046)', 'release', 'High', 'Active'),
('40044', 'Exponential Entity Expansion (Billion Laughs Attack)', 'beta', 'Medium', 'Active'),
('40045', 'Spring4Shell', 'release', 'High', 'Active'),
('40046', 'Server Side Request Forgery', 'beta', 'High', 'Active'),
('40047', 'Text4shell (CVE-2022-42889)', 'beta', 'High', 'Active'),
('41', 'Source Code Disclosure - Git', 'beta', 'High', 'Active'),
('42', 'Source Code Disclosure - SVN', 'beta', 'Medium', 'Active'),
('43', 'Source Code Disclosure - File Inclusion', 'beta', 'High', 'Active'),
('6', 'Path Traversal', 'release', '', 'Active'),
('6-1', 'Path Traversal', 'release', 'High', 'Active'),
('6-2', 'Path Traversal', 'release', 'High', 'Active'),
('6-3', 'Path Traversal', 'release', 'High', 'Active'),
('6-4', 'Path Traversal', 'release', 'High', 'Active'),
('6-5', 'Path Traversal', 'release', 'High', 'Active'),
('7', 'Remote File Inclusion', 'release', 'High', 'Active'),
('90001', 'Insecure JSF ViewState', 'release', 'Medium', 'Passive'),
('90002', 'Java Serialization Object', 'beta', 'Medium', 'Passive'),
('90003', 'Sub Resource Integrity Attribute Missing', 'beta', 'Medium', 'Passive'),
('90004', 'Insufficient Site Isolation Against Spectre Vulnerability', 'beta', '', 'Passive'),
('90004-1', 'Insufficient Site Isolation Against Spectre Vulnerability', 'beta', 'Low', 'Passive'),
('90004-2', 'Insufficient Site Isolation Against Spectre Vulnerability', 'beta', 'Low', 'Passive'),
('90004-3', 'Insufficient Site Isolation Against Spectre Vulnerability', 'beta', 'Low', 'Passive'),
('90005', 'Fetch Metadata Request Headers', 'alpha', '', 'Passive'),
('90005-1', 'Sec-Fetch-Site Header is Missing', 'alpha', 'Informational', 'Passive'),
('90005-2', 'Sec-Fetch-Mode Header is Missing', 'alpha', 'Informational', 'Passive'),
('90005-3', 'Sec-Fetch-Dest Header is Missing', 'alpha', 'Informational', 'Passive'),
('90005-4', 'Sec-Fetch-User Header is Missing', 'alpha', 'Informational', 'Passive'),
('90005-5', 'Sec-Fetch-Site Header Has an Invalid Value', 'alpha', 'Informational', 'Passive'),
('90005-6', 'Sec-Fetch-Mode Header Has an Invalid Value', 'alpha', 'Informational', 'Passive'),
('90005-7', 'Sec-Fetch-Dest Header Has an Invalid Value', 'alpha', 'Informational', 'Passive'),
('90005-8', 'Sec-Fetch-User Header Has an Invalid Value', 'alpha', 'Informational', 'Passive'),
('90011', 'Charset Mismatch', 'release', 'Informational', 'Passive'),
('90017', 'XSLT Injection', 'release', 'Medium', 'Active'),
('90018', 'Advanced SQL Injection', 'beta', 'High', 'Active'),
('90019', 'Server Side Code Injection', 'release', '', 'Active'),
('90019-1', 'Server Side Code Injection - PHP Code Injection', 'release', 'High', 'Active'),
('90019-2', 'Server Side Code Injection - ASP Code Injection', 'release', 'High', 'Active'),
('90020', 'Remote OS Command Injection', 'release', 'High', 'Active'),
('90021', 'XPath Injection', 'release', 'High', 'Active'),
('90022', 'Application Error Disclosure', 'release', 'Medium', 'Passive'),
('90023', 'XML External Entity Attack', 'release', 'High', 'Active'),
('90024', 'Generic Padding Oracle', 'release', 'High', 'Active'),
('90025', 'Expression Language Injection', 'beta', 'High', 'Active'),
('90026', 'SOAP Action Spoofing', 'beta', 'High', 'Active'),
('90027', 'Cookie Slack Detector', 'beta', 'Informational', 'Active'),
('90028', 'Insecure HTTP Method', 'beta', 'Medium', 'Active'),
('90029', 'SOAP XML Injection', 'beta', 'High', 'Active'),
('90030', 'WSDL File Detection', 'beta', '', 'Passive'),
('90033', 'Loosely Scoped Cookie', 'release', 'Informational', 'Passive'),
('90034', 'Cloud Metadata Potentially Exposed', 'release', 'High', 'Active'),
('90035', 'Server Side Template Injection', 'release', 'High', 'Active'),
('90036', 'Server Side Template Injection (Blind)', 'release', 'High', 'Active');

-- --------------------------------------------------------

--
-- Table structure for table `cia`
--

CREATE TABLE `cia` (
  `id` int(11) NOT NULL,
  `cia_name` varchar(20) NOT NULL,
  `cia_indonesia` varchar(20) NOT NULL,
  `definisi` varchar(255) NOT NULL,
  `solusi` varchar(255) NOT NULL
) ENGINE=InnoDB DEFAULT CHARSET=utf8mb4 COLLATE=utf8mb4_general_ci;

--
-- Dumping data for table `cia`
--

INSERT INTO `cia` (`id`, `cia_name`, `cia_indonesia`, `definisi`, `solusi`) VALUES
(1, 'Confidentiality (C)', 'Kerahasiaan', 'Perlindungan terhadap akses tidak sah terhadap informasi rahasia.', 'Gunakan enkripsi untuk melindungi data saat disimpan atau ditransmisikan. Terapkan pengaturan akses yang tepat dan kendalikan siapa yang dapat mengakses informasi.'),
(2, 'Integrity (I)', 'Integritas', 'Memastikan bahwa data tetap tidak berubah, tidak rusak, atau tidak diubah oleh pihak yang tidak sah.', 'Terapkan kontrol tanda tangan digital untuk memeriksa integritas data. Selalu verifikasi data sebelum menggunakannya. Lindungi sistem dari perubahan yang tidak sah.'),
(3, 'Availability (A)', 'Ketersediaan', 'Memastikan bahwa sistem dan layanan tersedia dan dapat diakses ketika diperlukan.', 'Lakukan perencanaan kapasitas untuk menghadapi lonjakan lalu lintas. Terapkan redundansi untuk mengatasi kegagalan perangkat keras atau perangkat lunak. Kelola pemulihan bencana dan pemulihan sistem dengan baik.');

-- --------------------------------------------------------

--
-- Table structure for table `relasi`
--

CREATE TABLE `relasi` (
  `id` int(11) NOT NULL,
  `id_alert` varchar(20) NOT NULL,
  `id_cia` int(11) DEFAULT NULL
) ENGINE=InnoDB DEFAULT CHARSET=utf8mb4 COLLATE=utf8mb4_general_ci;

--
-- Dumping data for table `relasi`
--

INSERT INTO `relasi` (`id`, `id_alert`, `id_cia`) VALUES
(1, '0', 1),
(2, '2', 1),
(3, '3', 2),
(4, '3-1', 2),
(5, '3-2', 2),
(6, '3-3', 2),
(7, '6', 2),
(8, '6-1', 2),
(9, '6-2', 2),
(10, '6-3', 2),
(11, '6-4', 2),
(12, '6-5', 2),
(13, '7', 2),
(14, '41', 1),
(15, '42', 1),
(16, '43', 1),
(17, '10003', 2),
(18, '10009', 1),
(19, '10010', 1),
(20, '10011', 1),
(21, '10015', 1),
(22, '10016', 2),
(23, '10017', 2),
(24, '10019', 3),
(25, '10020', 2),
(26, '10020-1', 2),
(27, '10020-2', 2),
(28, '10020-3', 2),
(29, '10020-4', 2),
(30, '10021', 2),
(31, '10023', 1),
(32, '10024', 1),
(33, '10025', 1),
(34, '10026', 2),
(35, '10027', 1),
(36, '10028', 2),
(37, '10029', 2),
(38, '10030', 2),
(39, '10031', 2),
(40, '10032', 2),
(41, '10032-1', 1),
(42, '10032-2', 1),
(43, '10032-3', 1),
(44, '10032-4', 2),
(45, '10032-5', 2),
(46, '10032-6', 1),
(47, '10033', 1),
(48, '10034', 1),
(49, '10035', 1),
(50, '10036', 1),
(51, '10036-1', 1),
(52, '10036-2', 1),
(53, '10037', 2),
(54, '10038', 1),
(55, '10038-1', 2),
(56, '10038-2', 1),
(57, '10038-3', 1),
(58, '10039', 1),
(59, '10040', 2),
(60, '10041', 2),
(61, '10042', 2),
(62, '10043', 2),
(63, '10044', 1),
(64, '10045', 1),
(65, '10046', 2),
(66, '10047', 2),
(67, '10048', 2),
(68, '10049', 1),
(69, '10049-1', 1),
(70, '10049-2', 1),
(71, '10049-3', 1),
(72, '10050', 1),
(73, '10051', 2),
(74, '10052', 1),
(75, '10053', 1),
(76, '10054', 2),
(77, '10055', 2),
(78, '10055-1', 2),
(79, '10055-2', 2),
(80, '10055-3', 2),
(81, '10055-4', 2),
(82, '10055-5', 2),
(83, '10055-6', 2),
(84, '10055-7', 2),
(85, '10055-8', 2),
(86, '10055-9', 2),
(87, '10055-10', 2),
(88, '10055-11', 2),
(89, '10055-12', 1),
(90, '10056', 1),
(91, '10057', 1),
(92, '10058', 1),
(93, '10061', 1),
(94, '10062', 1),
(95, '10063', 1),
(96, '10063-1', 1),
(97, '10063-2', 1),
(98, '10070', 2),
(99, '10094', 1),
(100, '10094-1', 1),
(101, '10094-2', 2),
(102, '10094-3', 1),
(103, '10095', 1),
(104, '10096', 1),
(105, '10097', 1),
(106, '10098', 2),
(107, '10099', 1),
(108, '10101', 2),
(109, '10102', 2),
(110, '10103', 1),
(111, '10104', 1),
(112, '10105', 2),
(113, '10106', 1),
(114, '10107', 1),
(115, '10108', 2),
(116, '10109', 3),
(117, '10110', 2),
(118, '10111', 1),
(119, '10112', 1),
(120, '10113', 1),
(121, '10202', 2),
(122, '20012', 2),
(123, '20014', 2),
(124, '20015', 1),
(125, '20016', 2),
(126, '20017', 1),
(127, '20018', 2),
(128, '20019', 2),
(129, '20019-1', 2),
(130, '20019-2', 2),
(131, '20019-3', 2),
(132, '20019-4', 2),
(133, '30001', 3),
(134, '30002', 2),
(135, '30003', 2),
(136, '40003', 2),
(137, '40008', 2),
(138, '40009', 2),
(139, '40012', 2),
(140, '40013', 2),
(141, '40014', 2),
(142, '40015', 2),
(143, '40016', 2),
(144, '40017', 2),
(145, '40018', 2),
(146, '40019', 2),
(147, '40020', 2),
(148, '40021', 2),
(149, '40022', 2),
(150, '40023', 1),
(151, '40024', 2),
(152, '40025', 1),
(153, '40026', 2),
(154, '40027', 2),
(155, '40028', 1),
(156, '40029', 1),
(157, '40031', 2),
(158, '40032', 1),
(159, '40033', 2),
(160, '40034', 1),
(161, '40035', 1),
(162, '40036', 2),
(163, '40038', 2),
(164, '40039', 2),
(165, '40040', 2),
(166, '40040-1', 1),
(167, '40040-2', 2),
(168, '40040-3', 2),
(169, '40041', 2),
(170, '40042', 1),
(171, '40043', 2),
(172, '40043-1', 2),
(173, '40043-2', 2),
(174, '40044', 3),
(175, '40045', 2),
(176, '40046', 2),
(177, '40047', 2),
(178, '90001', 2),
(179, '90002', 2),
(180, '90003', 2),
(181, '90004', 2),
(182, '90004-1', 2),
(183, '90004-2', 2),
(184, '90004-3', 2),
(185, '90005', 2),
(186, '90005-1', 1),
(187, '90005-2', 1),
(188, '90005-3', 1),
(189, '90005-4', 1),
(190, '90005-5', 1),
(191, '90005-6', 1),
(192, '90005-7', 1),
(193, '90005-8', 1),
(194, '90011', 1),
(195, '90017', 2),
(196, '90018', 2),
(197, '90019', 2),
(198, '90019-1', 2),
(199, '90019-2', 2),
(200, '90020', 2),
(201, '90021', 2),
(202, '90022', 1),
(203, '90023', 2),
(204, '90024', 2),
(205, '90025', 2),
(206, '90026', 2),
(207, '90027', 2),
(208, '90028', 1),
(209, '90029', 2),
(210, '90030', 2),
(211, '90033', 2),
(212, '90034', 1),
(213, '90035', 2),
(214, '90036', 2),
(215, '110001', 1),
(216, '110002', 1),
(217, '110003', 1),
(218, '110004', 1),
(219, '110005', 1),
(220, '110006', 1),
(221, '110007', 1),
(222, '110008', 1);

--
-- Indexes for dumped tables
--

--
-- Indexes for table `alert`
--
ALTER TABLE `alert`
  ADD PRIMARY KEY (`id`);

--
-- Indexes for table `cia`
--
ALTER TABLE `cia`
  ADD PRIMARY KEY (`id`);

--
-- Indexes for table `relasi`
--
ALTER TABLE `relasi`
  ADD PRIMARY KEY (`id`);
COMMIT;

/*!40101 SET CHARACTER_SET_CLIENT=@OLD_CHARACTER_SET_CLIENT */;
/*!40101 SET CHARACTER_SET_RESULTS=@OLD_CHARACTER_SET_RESULTS */;
/*!40101 SET COLLATION_CONNECTION=@OLD_COLLATION_CONNECTION */;
